﻿<?xml version="1.0" encoding="UTF-8" standalone="yes"?>
<addon id="service.subtitles.localsubtitle"
       name="LocalSubtitle"
       version="1.7.1"
       provider-name="peno">
  <requires>
      <import addon="script.module.pysubs2" version="0.1.0"/>
      <import addon="script.module.chardet" />
  </requires>
  <extension point="xbmc.subtitle.module"
             library="service.py" />
  <extension point="xbmc.addon.metadata">
    <summary lang="en">LocalSubtitle</summary>
    <description lang="en">Use subtitle from local store and allow two subtitles (bottom / top) simultaneously</description>
    <disclaimer lang="en"></disclaimer>
    <platform>all</platform>
    <license>GNU GENERAL PUBLIC LICENSE. Version 2, June 1991</license>
    <source></source>
  </extension>
</addon>
